core-1, 07-tendermint-6, connection-5, channel-144, icacontroller-osmosis-1.rewards, osmosis-1, 07-tendermint-3, connection-4, channel-15078, icahost
core-1, 07-tendermint-6, connection-5, channel-147, icacontroller-osmosis-1.delegate, osmosis-1, 07-tendermint-3, connection-4, channel-16254, icahost
core-1, 07-tendermint-6, connection-5, channel-6, transfer, osmosis-1, 07-tendermint-3, connection-4, channel-4, transfer
core-1, 07-tendermint-36, connection-30, channel-133, icacontroller-lscosmos_pstake_delegation_account, cosmoshub-4, 07-tendermint-391, connection-344, channel-733, icahost
core-1, 07-tendermint-36, connection-30, channel-141, icacontroller-persistence18dsfsljczehwd5yem9qq2jcz56dz3shp48j3zj, cosmoshub-4, 07-tendermint-391, connection-344, channel-763, icahost
core-1, 07-tendermint-36, connection-30, channel-24, transfer, cosmoshub-4, 07-tendermint-391, connection-344, channel-190, transfer
core-1, 07-tendermint-36, connection-30, channel-53, icacontroller-lscosmos_pstake_reward_account, cosmoshub-4, 07-tendermint-391, connection-344, channel-428, icahost
core-1, 07-tendermint-49, connection-48, channel-37, transfer, juno-1, 07-tendermint-89, connection-51, channel-33, transfer
core-1, 07-tendermint-51, connection-122, channel-75, transfer, gravity-bridge-3, 07-tendermint-39, connection-348, channel-115, transfer
core-1, 07-tendermint-51, connection-49, channel-38, transfer, gravity-bridge-3, 07-tendermint-39, connection-50, channel-24, transfer
core-1, 07-tendermint-57, connection-53, channel-41, transfer, injective-1, 07-tendermint-110, connection-91, channel-82, transfer
core-1, 07-tendermint-64, connection-59, channel-47, transfer, exchain-66, 07-tendermint-50, connection-15, channel-12, transfer
core-1, 07-tendermint-69, connection-63, channel-51, transfer, axelar-dojo-1, 07-tendermint-70, connection-52, channel-42, transfer
core-1, 07-tendermint-83, connection-71, channel-67, transfer, stride-1, 07-tendermint-54, connection-33, channel-53, transfer
core-1, 07-tendermint-88, connection-72, channel-68, transfer, crescent-1, 07-tendermint-42, connection-41, channel-30, transfer
core-1, 07-tendermint-94, connection-75, channel-71, transfer, comdex-1, 07-tendermint-123, connection-65, channel-57, transfer
core-1, 07-tendermint-96, connection-77, channel-73, transfer, quicksilver-2, 07-tendermint-15, connection-8, channel-16, transfer
core-1, 07-tendermint-98, connection-137, channel-79, transfer, acre_9052-1, 07-tendermint-32, connection-29, channel-20, transfer
core-1, 07-tendermint-104, connection-143, channel-80, transfer, canto_7700-1, 07-tendermint-32, connection-25, channel-17, transfer
core-1, 07-tendermint-105, connection-144, channel-81, transfer, umee-1, 07-tendermint-179, connection-119, channel-51, transfer
core-1, 07-tendermint-106, connection-146, channel-82, transfer, secret-4, 07-tendermint-126, connection-98, channel-64, transfer
core-1, 07-tendermint-151, connection-188, channel-118, transfer, centauri-1, 07-tendermint-127, connection-49, channel-33, transfer
core-1, 07-tendermint-156, connection-195, channel-129, transfer, kava_2222-10, 07-tendermint-148, connection-189, channel-134, transfer
core-1, 07-tendermint-157, connection-196, channel-130, transfer, agoric-3, 07-tendermint-84, connection-84, channel-67, transfer
core-1, 07-tendermint-159, connection-197, channel-131, transfer, dydx-mainnet-1, 07-tendermint-4, connection-8, channel-4, transfer
core-1, 07-tendermint-160, connection-198, channel-132, transfer, noble-1, 07-tendermint-61, connection-59, channel-36, transfer
core-1, 07-tendermint-161, connection-199, channel-136, transfer, neutron-1, 07-tendermint-73, connection-52, channel-49, transfer
core-1, 07-tendermint-162, connection-200, channel-152, transfer, kaiyo-1, 07-tendermint-167, connection-130, channel-158, transfer